<keymap version="1" name="macOS copy" parent="Mac OS X 10.5+">
  <action id="ActivateTerminalToolWindow">
    <keyboard-shortcut first-keystroke="alt f12" />
    <keyboard-shortcut first-keystroke="meta open_bracket" />
    <keyboard-shortcut first-keystroke="ctrl q" />
  </action>
  <action id="Back">
    <keyboard-shortcut first-keystroke="meta alt left" />
    <mouse-shortcut keystroke="button4" />
  </action>
  <action id="Console.TableResult.NavigateAction">
    <keyboard-shortcut first-keystroke="f4" />
  </action>
  <action id="CopyPaths">
    <keyboard-shortcut first-keystroke="shift meta c" />
    <keyboard-shortcut first-keystroke="meta alt c" />
  </action>
  <action id="DSM.OpenInEditor">
    <keyboard-shortcut first-keystroke="f4" />
  </action>
  <action id="DSM.ZoomIn">
    <keyboard-shortcut first-keystroke="meta add" />
  </action>
  <action id="Debug" />
  <action id="Debugger.EditFrameSource">
    <keyboard-shortcut first-keystroke="f4" />
  </action>
  <action id="DomCollectionControl.Edit">
    <keyboard-shortcut first-keystroke="f4" />
  </action>
  <action id="DomElementsTreeView.GotoDomElementDeclarationAction">
    <keyboard-shortcut first-keystroke="f4" />
  </action>
  <action id="EditSource">
    <keyboard-shortcut first-keystroke="f4" />
  </action>
  <action id="EditorDelete">
    <keyboard-shortcut first-keystroke="delete" />
    <keyboard-shortcut first-keystroke="ctrl d" />
  </action>
  <action id="EditorLineStart">
    <keyboard-shortcut first-keystroke="home" />
    <keyboard-shortcut first-keystroke="meta left" />
  </action>
  <action id="EditorTextEnd">
    <keyboard-shortcut first-keystroke="meta end" />
    <keyboard-shortcut first-keystroke="meta down" />
  </action>
  <action id="EditorTextStart">
    <keyboard-shortcut first-keystroke="meta home" />
    <keyboard-shortcut first-keystroke="meta up" />
  </action>
  <action id="ExpandAll">
    <keyboard-shortcut first-keystroke="meta add" />
  </action>
  <action id="ExpandExpandableComponent">
    <keyboard-shortcut first-keystroke="shift enter" />
    <keyboard-shortcut first-keystroke="meta add" />
  </action>
  <action id="ExpandRegion">
    <keyboard-shortcut first-keystroke="meta add" />
  </action>
  <action id="ExternalSystem.ExpandAll">
    <keyboard-shortcut first-keystroke="meta add" />
  </action>
  <action id="ExternalSystem.OpenConfig">
    <keyboard-shortcut first-keystroke="f4" />
  </action>
  <action id="FileChooser.TogglePathShowing" />
  <action id="FocusEditor">
    <keyboard-shortcut first-keystroke="escape" />
    <keyboard-shortcut first-keystroke="ctrl a" />
  </action>
  <action id="Forward">
    <keyboard-shortcut first-keystroke="meta alt right" />
    <mouse-shortcut keystroke="button5" />
  </action>
  <action id="GotoChangedFile" />
  <action id="GotoClass" />
  <action id="Graph.Faces.OpenSelectedPages">
    <keyboard-shortcut first-keystroke="f4" />
  </action>
  <action id="Images.Editor.ZoomIn">
    <keyboard-shortcut first-keystroke="meta add" />
  </action>
  <action id="IntroduceConstant" />
  <action id="Javascript.Linters.EsLint.Fix">
    <keyboard-shortcut first-keystroke="meta alt l" />
  </action>
  <action id="Jdbc.OpenEditor">
    <keyboard-shortcut first-keystroke="f4" />
  </action>
  <action id="Macro.format and save file">
    <keyboard-shortcut first-keystroke="meta s" />
  </action>
  <action id="Maven.ExpandAll">
    <keyboard-shortcut first-keystroke="meta add" />
  </action>
  <action id="NavBar-navigate">
    <keyboard-shortcut first-keystroke="f4" />
  </action>
  <action id="NextSplitter">
    <keyboard-shortcut first-keystroke="alt tab" />
    <keyboard-shortcut first-keystroke="meta close_bracket" />
  </action>
  <action id="OpenFile">
    <keyboard-shortcut first-keystroke="meta o" />
  </action>
  <action id="OpenModuleSettings">
    <keyboard-shortcut first-keystroke="f4" />
  </action>
  <action id="ParameterInfo" />
  <action id="ProjectViewEditSource">
    <keyboard-shortcut first-keystroke="f4" />
  </action>
  <action id="ReformatCode" />
  <action id="RemoteHostView.EditSource">
    <keyboard-shortcut first-keystroke="f4" />
  </action>
  <action id="SaveAll" />
  <action id="Scala.ShowImplicitConversions" />
  <action id="Scala.ShowImplicits">
    <keyboard-shortcut first-keystroke="shift ctrl alt equals" />
    <keyboard-shortcut first-keystroke="shift ctrl alt add" />
  </action>
  <action id="SearchEverywhere">
    <keyboard-shortcut first-keystroke="meta p" />
  </action>
  <action id="SearchEverywhere.NavigateToNextGroup">
    <keyboard-shortcut first-keystroke="page_down" />
  </action>
  <action id="SearchEverywhere.NavigateToPrevGroup">
    <keyboard-shortcut first-keystroke="page_up" />
  </action>
  <action id="ShowNavBar">
    <keyboard-shortcut first-keystroke="alt home" />
  </action>
  <action id="Sql.EditParameter">
    <keyboard-shortcut first-keystroke="f4" />
  </action>
  <action id="Vcs.EditSource">
    <keyboard-shortcut first-keystroke="f4" />
  </action>
  <action id="Vcs.ReformatCommitMessage" />
  <action id="XDebugger.JumpToSource">
    <keyboard-shortcut first-keystroke="f4" />
  </action>
</keymap>